number,addresses
0,5.2.64.194
1,5.2.77.146
2,5.34.181.34
3,5.34.181.35
4,5.34.183.105
5,5.39.217.14
6,5.79.113.168
7,5.135.158.101
8,5.150.254.67
9,5.165.74.36
10,5.189.146.133
11,5.196.66.162
12,5.199.130.188
13,5.252.176.20
14,18.18.248.17
15,23.129.64.100
16,23.129.64.150
17,23.129.64.151
18,23.129.64.152
19,23.129.64.153
20,23.129.64.154
21,23.129.64.155
22,23.129.64.156
23,23.129.64.157
24,23.129.64.158
25,23.129.64.159
26,23.129.64.160
27,23.129.64.161
28,23.129.64.162
29,23.129.64.163
30,23.129.64.165
31,23.129.64.166
32,23.129.64.167
33,23.129.64.168
34,23.129.64.169
35,23.129.64.170
36,23.129.64.180
37,23.129.64.181
38,23.129.64.182
39,23.129.64.183
40,23.129.64.184
41,23.129.64.185
42,23.129.64.186
43,23.129.64.187
44,23.129.64.188
45,23.129.64.189
46,23.129.64.190
47,23.129.64.191
48,23.129.64.192
49,23.129.64.193
50,23.129.64.194
51,23.129.64.195
52,23.129.64.196
53,23.129.64.200
54,23.129.64.201
55,23.129.64.202
56,23.129.64.203
57,23.129.64.204
58,23.129.64.205
59,23.129.64.206
60,23.129.64.207
61,23.129.64.208
62,23.129.64.209
63,23.129.64.210
64,23.129.64.211
65,23.129.64.212
66,23.129.64.213
67,23.129.64.214
68,23.129.64.215
69,23.129.64.216
70,23.133.240.9
71,23.140.160.28
72,24.3.111.78
73,27.122.59.100
74,31.31.72.24
75,31.31.74.131
76,31.131.2.19
77,31.131.4.171
78,31.185.104.19
79,31.185.104.20
80,31.185.104.21
81,31.220.0.225
82,31.220.40.54
83,31.220.42.86
84,35.0.127.52
85,37.48.115.62
86,37.48.120.196
87,37.128.222.30
88,37.139.8.104
89,37.220.36.240
90,37.228.129.2
91,40.124.44.53
92,41.77.136.114
93,41.215.241.146
94,43.251.159.144
95,45.32.116.97
96,45.33.43.215
97,45.35.72.85
98,45.56.103.80
99,45.64.186.102
100,45.76.115.159
101,45.79.73.22
102,45.79.144.222
103,45.114.130.4
104,45.125.65.45
105,46.29.166.69
106,46.29.248.238
107,46.38.235.14
108,46.98.197.144
109,46.98.201.34
110,46.98.201.101
111,46.101.61.36
112,46.165.230.5
113,46.165.245.154
114,46.165.254.166
115,46.166.139.35
116,46.166.162.53
117,46.182.18.29
118,46.182.18.40
119,46.182.19.15
120,46.182.19.219
121,46.182.106.190
122,46.194.31.145
123,46.246.49.218
124,46.246.62.224
125,49.50.66.209
126,49.50.107.221
127,50.99.193.144
128,50.116.37.141
129,50.247.195.124
130,51.15.1.221
131,51.15.7.60
132,51.15.43.205
133,51.15.48.204
134,51.15.49.134
135,51.15.53.83
136,51.15.59.9
137,51.15.59.175
138,51.15.68.66
139,51.15.75.133
140,51.15.80.14
141,51.15.106.67
142,51.15.112.209
143,51.15.117.50
144,51.15.122.200
145,51.15.123.230
146,51.15.125.181
147,51.15.187.209
148,51.15.209.128
149,51.15.224.0
150,51.15.233.253
151,51.15.235.211
152,51.15.244.99
153,51.38.64.136
154,51.38.113.64
155,51.38.126.229
156,51.38.134.189
157,51.38.150.126
158,51.38.162.232
159,51.38.247.95
160,51.68.139.151
161,51.68.174.112
162,51.68.214.45
163,51.75.71.123
164,51.75.162.53
165,51.77.52.216
166,51.77.62.52
167,51.77.193.218
168,51.77.201.37
169,51.83.76.139
170,51.89.3.99
171,51.91.18.121
172,51.158.111.68
173,51.158.166.175
174,51.254.208.245
175,51.255.45.144
176,52.167.231.173
177,54.36.108.162
178,54.36.189.105
179,54.36.222.37
180,54.37.16.241
181,54.37.97.140
182,54.37.234.66
183,54.39.148.232
184,54.39.148.233
185,54.39.148.234
186,54.39.151.167
187,54.39.181.229
188,58.96.107.246
189,58.153.112.2
190,59.127.163.155
191,62.98.40.204
192,62.102.148.67
193,62.102.148.68
194,62.102.148.69
195,62.210.37.82
196,62.210.116.201
197,62.212.95.51
198,62.219.3.47
199,62.219.3.48
200,64.27.17.140
201,64.113.32.29
202,65.19.167.131
203,65.19.167.132
204,65.181.122.48
205,65.181.123.254
206,65.181.124.115
207,66.42.224.235
208,66.70.228.168
209,66.110.216.10
210,66.146.193.33
211,66.155.4.213
212,66.175.208.248
213,67.163.131.76
214,67.215.255.140
215,69.162.107.5
216,69.164.207.234
217,70.168.93.214
218,71.19.144.106
219,71.19.148.20
220,71.19.148.159
221,71.63.192.99
222,72.14.179.10
223,72.210.252.137
224,72.221.196.141
225,74.82.47.194
226,77.73.69.90
227,77.81.247.72
228,77.120.113.64
229,77.247.181.162
230,77.247.181.163
231,77.247.181.164
232,77.247.181.165
233,77.247.181.166
234,78.142.175.70
235,79.134.234.247
236,79.137.79.167
237,79.174.12.138
238,80.67.172.162
239,80.68.92.225
240,80.79.23.7
241,80.127.116.96
242,80.241.60.207
243,80.246.28.42
244,81.169.202.52
245,81.171.2.229
246,81.171.24.199
247,82.94.132.34
248,82.118.242.113
249,82.118.242.128
250,82.221.128.191
251,82.221.131.5
252,82.221.131.71
253,82.221.139.190
254,82.221.141.96
255,82.223.14.245
256,82.228.252.20
257,84.19.182.33
258,84.19.190.178
259,84.200.12.61
260,84.209.51.186
261,85.93.218.204
262,85.248.227.163
263,85.248.227.164
264,85.248.227.165
265,87.118.92.43
266,87.118.110.27
267,87.118.112.63
268,87.118.116.12
269,87.118.116.90
270,87.118.116.103
271,87.118.122.30
272,87.118.122.51
273,87.120.36.157
274,87.120.37.79
275,87.120.254.98
276,87.120.254.105
277,87.120.254.114
278,89.31.57.58
279,89.31.96.168
280,89.41.173.191
281,89.144.12.17
282,89.234.157.254
283,89.236.34.117
284,89.236.112.100
285,89.247.110.239
286,91.92.109.43
287,91.92.109.52
288,91.92.144.12
289,91.146.121.3
290,91.203.145.116
291,91.207.174.75
292,91.219.236.127
293,91.219.236.136
294,91.219.237.194
295,91.219.238.95
296,91.219.238.141
297,91.244.181.85
298,91.250.242.12
299,92.50.105.150
300,92.63.173.28
301,92.222.38.67
302,92.222.127.232
303,93.174.93.133
304,93.177.19.221
305,94.32.66.15
306,94.32.66.48
307,94.102.51.78
308,94.140.116.189
309,94.140.116.217
310,94.156.77.24
311,94.168.35.70
312,94.230.208.147
313,94.230.208.148
314,94.242.57.161
315,94.248.1.68
316,95.128.43.164
317,95.130.10.69
318,95.130.12.33
319,95.141.36.127
320,95.142.161.63
321,95.143.193.125
322,95.211.118.194
323,95.216.107.148
324,95.216.143.188
325,95.216.145.1
326,96.66.15.147
327,96.70.31.155
328,97.74.237.196
329,98.174.90.43
330,103.28.52.93
331,103.28.53.138
332,103.68.109.50
333,103.208.220.122
334,103.208.220.226
335,103.234.220.195
336,103.234.220.197
337,103.236.201.88
338,103.236.201.110
339,104.40.73.53
340,104.194.228.240
341,104.196.43.128
342,104.200.20.46
343,104.218.63.72
344,104.218.63.73
345,104.218.63.74
346,104.218.63.75
347,104.218.63.76
348,104.244.73.65
349,104.244.73.126
350,104.244.73.237
351,104.244.74.78
352,104.244.74.97
353,104.244.74.194
354,104.244.76.13
355,104.244.76.26
356,104.244.77.199
357,104.244.78.124
358,104.244.78.233
359,107.155.49.126
360,107.181.161.182
361,109.69.67.17
362,109.70.100.2
363,109.70.100.3
364,109.70.100.4
365,109.70.100.5
366,109.70.100.6
367,109.70.100.7
368,109.70.100.8
369,109.70.100.9
370,109.70.100.10
371,109.70.100.11
372,109.70.100.12
373,109.70.100.13
374,109.169.33.163
375,109.201.133.100
376,114.24.142.15
377,114.32.35.232
378,115.73.19.17
379,116.202.111.198
380,118.163.74.160
381,123.30.128.138
382,124.109.1.207
383,125.212.241.131
384,128.14.136.158
385,128.31.0.13
386,128.199.213.157
387,130.149.80.199
388,130.185.250.76
389,131.255.4.188
390,137.74.169.241
391,138.59.18.110
392,139.99.98.191
393,139.99.123.88
394,139.162.7.42
395,139.162.10.72
396,141.98.254.225
397,141.136.44.11
398,142.44.133.83
399,142.93.168.48
400,143.106.60.70
401,143.202.161.75
402,144.217.7.33
403,144.217.7.154
404,144.217.60.211
405,144.217.60.239
406,144.217.64.46
407,144.217.80.80
408,144.217.90.68
409,144.217.164.104
410,144.217.165.133
411,144.217.165.223
412,144.217.166.19
413,144.217.166.26
414,144.217.166.59
415,144.217.166.65
416,144.217.255.89
417,145.239.91.37
418,145.239.93.33
419,147.135.119.51
420,149.56.44.47
421,149.202.170.60
422,149.202.238.204
423,151.54.248.180
424,156.54.63.235
425,157.157.87.22
426,158.69.192.200
427,158.69.192.239
428,158.69.193.32
429,158.69.201.47
430,158.69.212.107
431,158.69.212.109
432,158.69.217.87
433,158.69.217.248
434,158.69.218.78
435,158.174.122.199
436,160.119.249.24
437,160.119.249.239
438,160.119.253.114
439,160.202.162.186
440,162.213.0.243
441,162.244.81.196
442,162.247.72.199
443,162.247.73.192
444,162.247.74.7
445,162.247.74.27
446,162.247.74.74
447,162.247.74.200
448,162.247.74.201
449,162.247.74.202
450,162.247.74.204
451,162.247.74.206
452,162.247.74.213
453,162.247.74.216
454,162.247.74.217
455,163.172.11.200
456,163.172.41.228
457,163.172.160.182
458,164.77.133.220
459,164.132.9.199
460,164.132.51.91
461,166.70.207.2
462,167.86.94.107
463,167.86.101.130
464,167.88.7.134
465,167.114.34.150
466,167.114.181.152
467,169.197.97.34
468,169.197.112.26
469,171.25.193.20
470,171.25.193.25
471,171.25.193.77
472,171.25.193.78
473,171.25.193.235
474,171.244.33.189
475,172.96.118.14
476,172.98.193.43
477,172.107.92.18
478,172.107.201.134
479,173.14.173.227
480,173.199.71.153
481,173.212.244.116
482,173.244.209.5
483,173.255.192.219
484,174.18.63.241
485,174.20.33.191
486,176.10.99.200
487,176.10.99.201
488,176.10.99.202
489,176.10.99.203
490,176.10.99.204
491,176.10.99.205
492,176.10.99.206
493,176.10.99.207
494,176.10.99.208
495,176.10.99.209
496,176.10.99.210
497,176.10.104.240
498,176.10.107.180
499,176.31.208.193
500,176.53.90.26
501,176.58.89.182
502,176.58.100.98
503,176.107.179.147
504,176.123.26.99
505,176.126.83.211
506,176.152.45.213
507,177.133.180.20
508,178.17.166.146
509,178.17.166.147
510,178.17.166.148
511,178.17.166.149
512,178.17.166.150
513,178.17.170.13
514,178.17.170.23
515,178.17.170.81
516,178.17.170.88
517,178.17.170.91
518,178.17.170.105
519,178.17.170.112
520,178.17.170.116
521,178.17.170.117
522,178.17.170.135
523,178.17.170.164
524,178.17.170.194
525,178.17.170.196
526,178.17.171.39
527,178.17.171.78
528,178.17.171.102
529,178.17.171.114
530,178.17.171.197
531,178.17.174.10
532,178.17.174.14
533,178.17.174.68
534,178.17.174.196
535,178.17.174.198
536,178.17.174.211
537,178.17.174.229
538,178.17.174.232
539,178.18.83.215
540,178.20.55.16
541,178.20.55.18
542,178.32.147.150
543,178.32.181.96
544,178.32.181.97
545,178.32.181.98
546,178.32.181.99
547,178.128.52.46
548,178.165.72.177
549,178.175.131.194
550,178.175.132.225
551,178.175.132.226
552,178.175.132.227
553,178.175.132.228
554,178.175.132.229
555,178.175.132.230
556,178.175.135.99
557,178.175.135.100
558,178.175.135.101
559,178.175.135.102
560,178.175.143.163
561,178.175.143.164
562,178.175.143.165
563,178.175.143.166
564,178.175.148.34
565,178.175.148.165
566,178.175.148.224
567,178.175.148.227
568,178.239.176.73
569,179.48.248.17
570,179.48.251.188
571,180.15.69.91
572,180.150.226.99
573,185.4.132.135
574,185.4.132.183
575,185.10.68.30
576,185.10.68.52
577,185.10.68.76
578,185.10.68.126
579,185.10.68.169
580,185.11.146.159
581,185.42.170.203
582,185.56.171.94
583,185.61.149.193
584,185.65.205.10
585,185.65.206.154
586,185.66.108.39
587,185.72.244.24
588,185.86.150.52
589,185.100.85.61
590,185.100.85.101
591,185.100.85.190
592,185.100.86.100
593,185.100.86.128
594,185.100.86.154
595,185.100.86.182
596,185.100.87.207
597,185.104.121.4
598,185.104.121.5
599,185.104.121.7
600,185.107.47.171
601,185.107.47.215
602,185.107.70.202
603,185.112.146.55
604,185.112.146.138
605,185.121.168.254
606,185.125.33.114
607,185.125.33.242
608,185.127.25.68
609,185.127.25.192
610,185.130.44.108
611,185.147.80.155
612,185.150.44.22
613,185.162.229.116
614,185.165.168.77
615,185.165.168.168
616,185.165.168.229
617,185.165.169.62
618,185.165.169.71
619,185.165.169.160
620,185.169.42.131
621,185.175.208.180
622,185.177.151.34
623,185.193.125.42
624,185.193.126.161
625,185.195.237.24
626,185.195.237.25
627,185.195.237.117
628,185.195.237.118
629,185.216.32.170
630,185.220.100.252
631,185.220.100.253
632,185.220.101.0
633,185.220.101.1
634,185.220.101.3
635,185.220.101.5
636,185.220.101.6
637,185.220.101.7
638,185.220.101.12
639,185.220.101.13
640,185.220.101.15
641,185.220.101.20
642,185.220.101.21
643,185.220.101.22
644,185.220.101.24
645,185.220.101.25
646,185.220.101.26
647,185.220.101.27
648,185.220.101.28
649,185.220.101.29
650,185.220.101.30
651,185.220.101.31
652,185.220.101.32
653,185.220.101.33
654,185.220.101.34
655,185.220.101.35
656,185.220.101.44
657,185.220.101.45
658,185.220.101.46
659,185.220.101.48
660,185.220.101.49
661,185.220.101.50
662,185.220.101.56
663,185.220.101.57
664,185.220.101.58
665,185.220.101.60
666,185.220.101.61
667,185.220.101.62
668,185.220.101.65
669,185.220.101.66
670,185.220.101.67
671,185.220.101.68
672,185.220.101.69
673,185.220.101.70
674,185.220.102.4
675,185.220.102.6
676,185.220.102.7
677,185.220.102.8
678,185.222.202.12
679,185.222.202.65
680,185.222.202.104
681,185.222.202.133
682,185.225.16.146
683,185.227.68.78
684,185.227.68.102
685,185.227.82.9
686,185.233.100.23
687,185.242.113.224
688,185.248.100.224
689,185.248.160.21
690,185.248.160.65
691,185.248.160.231
692,185.255.112.112
693,187.20.201.20
694,187.178.75.109
695,188.26.85.65
696,188.214.104.146
697,189.84.21.44
698,190.10.8.50
699,190.210.98.90
700,190.216.2.136
701,191.96.145.141
702,191.113.47.134
703,191.243.199.42
704,192.34.80.176
705,192.42.116.13
706,192.42.116.14
707,192.42.116.15
708,192.42.116.16
709,192.42.116.17
710,192.42.116.18
711,192.42.116.19
712,192.42.116.20
713,192.42.116.22
714,192.42.116.23
715,192.42.116.24
716,192.42.116.25
717,192.42.116.26
718,192.42.116.27
719,192.42.116.28
720,192.68.11.219
721,192.81.223.177
722,192.99.182.43
723,192.160.102.164
724,192.160.102.165
725,192.160.102.166
726,192.160.102.168
727,192.160.102.169
728,192.160.102.170
729,192.195.80.10
730,193.9.114.139
731,193.9.115.24
732,193.36.119.17
733,193.56.29.101
734,193.90.12.115
735,193.90.12.116
736,193.90.12.118
737,193.90.12.119
738,193.110.157.151
739,193.150.121.66
740,193.169.145.66
741,193.169.145.194
742,193.169.145.202
743,193.169.255.102
744,193.171.202.146
745,193.201.225.45
746,194.71.109.44
747,195.123.212.75
748,195.123.213.211
749,195.123.216.32
750,195.123.217.153
751,195.123.224.108
752,195.123.228.161
753,195.123.237.251
754,195.135.194.134
755,195.176.3.19
756,195.176.3.20
757,195.176.3.23
758,195.176.3.24
759,195.206.105.217
760,195.228.45.176
761,195.254.134.194
762,195.254.134.242
763,196.41.123.180
764,198.50.200.129
765,198.50.200.131
766,198.58.107.53
767,198.96.155.3
768,198.98.50.112
769,198.98.50.201
770,198.98.53.79
771,198.98.55.108
772,198.98.56.149
773,198.98.57.155
774,198.98.58.135
775,198.98.59.161
776,198.98.60.40
777,198.98.61.88
778,198.98.61.249
779,198.167.223.38
780,198.167.223.44
781,198.211.122.191
782,198.251.89.219
783,199.87.154.255
784,199.127.226.150
785,199.195.248.177
786,199.195.250.77
787,199.195.251.251
788,199.195.252.6
789,199.249.230.64
790,199.249.230.65
791,199.249.230.66
792,199.249.230.67
793,199.249.230.68
794,199.249.230.69
795,199.249.230.70
796,199.249.230.71
797,199.249.230.72
798,199.249.230.73
799,199.249.230.74
800,199.249.230.75
801,199.249.230.76
802,199.249.230.77
803,199.249.230.78
804,199.249.230.79
805,199.249.230.80
806,199.249.230.81
807,199.249.230.82
808,199.249.230.83
809,199.249.230.84
810,199.249.230.85
811,199.249.230.86
812,199.249.230.87
813,199.249.230.88
814,199.249.230.89
815,199.249.230.100
816,199.249.230.101
817,199.249.230.102
818,199.249.230.103
819,199.249.230.104
820,199.249.230.105
821,199.249.230.106
822,199.249.230.107
823,199.249.230.108
824,199.249.230.109
825,199.249.230.110
826,199.249.230.111
827,199.249.230.112
828,199.249.230.113
829,199.249.230.114
830,199.249.230.115
831,199.249.230.116
832,199.249.230.117
833,199.249.230.118
834,199.249.230.119
835,199.249.230.120
836,199.249.230.121
837,199.249.230.122
838,199.249.230.123
839,200.52.55.54
840,200.98.137.240
841,200.98.146.219
842,200.98.161.148
843,203.78.103.37
844,203.78.103.113
845,204.8.156.142
846,204.11.50.131
847,204.17.56.42
848,204.85.191.8
849,204.85.191.9
850,204.194.29.4
851,205.168.84.133
852,205.185.113.210
853,205.185.120.227
854,205.185.121.209
855,205.185.124.216
856,205.185.127.219
857,206.55.74.0
858,207.244.70.35
859,207.246.121.172
860,208.12.90.101
861,209.95.51.11
862,209.126.101.29
863,209.11.41.441
864,209.141.41.103
865,209.141.41.125
866,209.141.45.212
867,209.141.51.150
868,209.141.56.103
869,209.141.58.114
870,209.141.61.45
871,210.140.10.35
872,212.16.104.33
873,212.21.66.6
874,212.81.199.159
875,213.61.215.53
876,213.95.149.22
877,213.108.105.71
878,213.136.92.52
879,213.252.140.118
880,216.158.98.38
881,216.186.250.53
882,216.218.134.12
883,216.239.90.19
884,217.12.221.131
885,217.12.221.196
886,217.115.10.131
887,217.115.10.132
888,217.170.197.83
889,217.170.197.89
890,220.135.203.167
891,220.218.70.141
892,223.26.48.248
